{"cameraMode":{"drawMode":0,"name":"Shaded","section":"Shading Mode"},"sceneLighting":true,"audioPlay":false,"sceneViewState":{"showFog":true,"showMaterialUpdate":false,"showSkybox":true,"showFlares":true,"showImageEffects":true,"showParticleSystems":true},"in2DMode":false,"pivot":{"x":0.30749908089637759,"y":0.4645461440086365,"z":0.4778580665588379},"rotation":{"x":-0.17459523677825929,"y":0.4416033923625946,"z":-0.08805179595947266,"w":-0.8756425380706787},"size":3.8009235858917238,"orthographic":false}