{"cameraMode":{"drawMode":0,"name":"Shaded","section":"Shading Mode"},"sceneLighting":false,"audioPlay":false,"sceneViewState":{"showFog":true,"showMaterialUpdate":false,"showSkybox":true,"showFlares":true,"showImageEffects":true,"showParticleSystems":true},"in2DMode":false,"pivot":{"x":-0.75,"y":0.2553107738494873,"z":5.920000076293945},"rotation":{"x":-0.14972154796123506,"y":-0.4711831212043762,"z":0.08151859045028687,"w":-0.8654043078422546},"size":4.054762840270996,"orthographic":false}