{"cameraMode":{"drawMode":0,"name":"Shaded","section":"Shading Mode"},"sceneLighting":false,"audioPlay":false,"sceneViewState":{"showFog":true,"showMaterialUpdate":false,"showSkybox":true,"showFlares":true,"showImageEffects":true,"showParticleSystems":true},"in2DMode":false,"pivot":{"x":-0.7703268527984619,"y":0.3080742359161377,"z":1.872292399406433},"rotation":{"x":-0.14972154796123506,"y":-0.4711831212043762,"z":0.08151859045028687,"w":-0.8654043078422546},"size":3.14089298248291,"orthographic":false}