{"cameraMode":{"drawMode":0,"name":"Shaded","section":"Shading Mode"},"sceneLighting":true,"audioPlay":false,"sceneViewState":{"showFog":true,"showMaterialUpdate":false,"showSkybox":true,"showFlares":true,"showImageEffects":true,"showParticleSystems":true},"in2DMode":false,"pivot":{"x":13.139274597167969,"y":-5.378917694091797,"z":8.144582748413086},"rotation":{"x":-0.14972154796123506,"y":-0.4711831212043762,"z":0.08151859045028687,"w":-0.8654043078422546},"size":22.23955726623535,"orthographic":false}