{"cameraMode":{"drawMode":0,"name":"Shaded","section":"Shading Mode"},"sceneLighting":true,"audioPlay":false,"sceneViewState":{"showFog":true,"showMaterialUpdate":false,"showSkybox":true,"showFlares":true,"showImageEffects":true,"showParticleSystems":true},"in2DMode":false,"pivot":{"x":0.0006894469261169434,"y":-0.004511967301368713,"z":0.0},"rotation":{"x":-0.2080824226140976,"y":-0.17985856533050538,"z":0.03895897418260574,"w":-0.9606429934501648},"size":3.8888328075408937,"orthographic":false}