{"cameraMode":{"drawMode":0,"name":"Shaded","section":"Shading Mode"},"sceneLighting":false,"audioPlay":false,"sceneViewState":{"showFog":true,"showMaterialUpdate":false,"showSkybox":true,"showFlares":true,"showImageEffects":true,"showParticleSystems":true},"in2DMode":false,"pivot":{"x":-1.1490845680236817,"y":0.2905747592449188,"z":4.6559295654296879},"rotation":{"x":-0.14972154796123506,"y":-0.4711831212043762,"z":0.08151859045028687,"w":-0.8654043078422546},"size":4.872313022613525,"orthographic":false}